id,title,score,num_comments,author,created_utc,url,over_18,edited,spoiler,stickied
1ikun2h,"Whats the ""meta"" tech stack right now? Additionally, what's the ""never going to go away"" stack?",98,102,Maple_Mathlete,2025-02-08 18:56:34,https://www.reddit.com/r/dataengineering/comments/1ikun2h/whats_the_meta_tech_stack_right_now_additionally/,False,False,False,False
1ikqxnh,How To Become a Data Engineer - Part 1,53,8,imperialka,2025-02-08 16:20:38,https://kevinagbulos.com/how-to-become-a-data-engineer/,False,False,False,False
1ikoo3d,"Anyone transition from a data engineer to a data platform engineer? If so, how is it going for you so far?",44,20,Illustrious-Pound266,2025-02-08 14:39:58,https://www.reddit.com/r/dataengineering/comments/1ikoo3d/anyone_transition_from_a_data_engineer_to_a_data/,False,False,False,False
1il1rv5,Studying DE on my own,37,12,Lanky_Mongoose_2196,2025-02-09 00:12:36,https://www.reddit.com/r/dataengineering/comments/1il1rv5/studying_de_on_my_own/,False,False,False,False
1iktwqp,How valuable would it be to learn something like Kubernetes?,22,19,grep212,2025-02-08 18:25:47,https://www.reddit.com/r/dataengineering/comments/1iktwqp/how_valuable_would_it_be_to_learn_something_like/,False,False,False,False
1il7pcl,Is it possible to change Source of a adf pipeline dynamically?(eg from azure to sap ),13,9,omghag18,2025-02-09 05:32:23,https://www.reddit.com/r/dataengineering/comments/1il7pcl/is_it_possible_to_change_source_of_a_adf_pipeline/,False,False,False,False
1ilauju,DevOps to Data Engineering: Am I Escaping a Sinking Ship or Jumping Into a Bigger Fire?,11,11,Superb-Athlete-6236,2025-02-09 09:10:23,https://www.reddit.com/r/dataengineering/comments/1ilauju/devops_to_data_engineering_am_i_escaping_a/,False,False,False,False
1ilcvr1,What level of System Design knowledge is required for a data engineer?,6,5,Delicious_Attempt_99,2025-02-09 11:36:47,https://www.reddit.com/r/dataengineering/comments/1ilcvr1/what_level_of_system_design_knowledge_is_required/,False,False,False,False
1iksl3x,Technologies change suggestion,5,27,Returnforgood,2025-02-08 17:30:25,https://www.reddit.com/r/dataengineering/comments/1iksl3x/technologies_change_suggestion/,False,False,False,False
1il9maa,Architecture advice needed: Building content similarity & performance analysis system at scale,5,0,jamesftf,2025-02-09 07:40:27,https://www.reddit.com/r/dataengineering/comments/1il9maa/architecture_advice_needed_building_content/,False,False,False,False
1ikugx8,How to practise/get better with Data modelling?Seeking recommendations,6,3,theaitribe,2025-02-08 18:49:18,https://www.reddit.com/r/dataengineering/comments/1ikugx8/how_to_practiseget_better_with_data/,False,False,False,False
1iks9et,Mastering cross-database operations with PostgreSQL FDW,4,0,der_gopher,2025-02-08 17:16:52,https://packagemain.tech/p/mastering-cross-database-operations-with-postgres-fdw,False,False,False,False
1ikpsxs,Data engineer to high paying jobs in Canada ?,2,11,InternationalEye360,2025-02-08 15:31:09,https://www.reddit.com/r/dataengineering/comments/1ikpsxs/data_engineer_to_high_paying_jobs_in_canada/,False,False,False,False
1ildke3,Stripe System Design,3,1,UnderstandingNew7513,2025-02-09 12:21:49,https://www.reddit.com/r/dataengineering/comments/1ildke3/stripe_system_design/,False,False,False,False
1ilb8gs,How Do You Organize and Visualize Complex Data Processing Tasks?,3,2,cognitivebehavior,2025-02-09 09:38:43,https://www.reddit.com/r/dataengineering/comments/1ilb8gs/how_do_you_organize_and_visualize_complex_data/,False,False,False,False
1il55kf,Career Growth and Reflections of a Data Development Engineer,3,1,dyzcs,2025-02-09 03:05:33,https://www.reddit.com/r/dataengineering/comments/1il55kf/career_growth_and_reflections_of_a_data/,False,False,False,False
1ile71k,"Fellow engineers in Finance, what extra knowledge is helpful to get better roles/pay in Finance data domain",4,3,turbokat123,2025-02-09 13:00:31,https://www.reddit.com/r/dataengineering/comments/1ile71k/fellow_engineers_in_finance_what_extra_knowledge/,False,False,False,False
1ikudx6,Exploring AI learning resources and applications,1,2,rishikaidnani,2025-02-08 18:45:36,https://www.reddit.com/r/dataengineering/comments/1ikudx6/exploring_ai_learning_resources_and_applications/,False,False,False,False
1ilcngp,Data Processing,0,1,BreadfruitClear7098,2025-02-09 11:20:52,https://www.reddit.com/r/dataengineering/comments/1ilcngp/data_processing/,False,False,False,False
1il9t0d,Ai awareness and evolution,0,0,Medium_Animator_7411,2025-02-09 07:54:19,https://www.reddit.com/r/dataengineering/comments/1il9t0d/ai_awareness_and_evolution/,False,False,False,False
1il8lfm,Looking for AWS data engineer job support,0,2,Overall_Bad4220,2025-02-09 06:29:20,https://www.reddit.com/r/dataengineering/comments/1il8lfm/looking_for_aws_data_engineer_job_support/,False,False,False,False
1il22aa,How to use Optimize Tenser flow on Intel system for Intel?,0,1,dhruv_14,2025-02-09 00:26:47,https://www.reddit.com/r/dataengineering/comments/1il22aa/how_to_use_optimize_tenser_flow_on_intel_system/,False,False,False,False
